RSS,genre
https://www.spreaker.com/show/6151028/episodes/feed,
https://www.spreaker.com/show/6150437/episodes/feed,
https://www.spreaker.com/show/6150436/episodes/feed,
https://www.spreaker.com/show/6150432/episodes/feed,
https://www.spreaker.com/show/6149702/episodes/feed,
https://www.spreaker.com/show/6149641/episodes/feed,
https://www.spreaker.com/show/6148824/episodes/feed,
https://www.spreaker.com/show/6148801/episodes/feed,
https://www.spreaker.com/show/6148560/episodes/feed,
https://www.spreaker.com/show/6148145/episodes/feed,
https://www.spreaker.com/show/6148089/episodes/feed,
https://www.spreaker.com/show/6148070/episodes/feed,
https://www.spreaker.com/show/6147987/episodes/feed,
https://www.spreaker.com/show/6124244/episodes/feed,
https://www.spreaker.com/show/6123549/episodes/feed,
https://www.spreaker.com/show/6116555/episodes/feed,
https://www.spreaker.com/show/6116445/episodes/feed,
https://www.spreaker.com/show/6115513/episodes/feed,
https://www.spreaker.com/show/6103808/episodes/feed,
https://www.spreaker.com/show/6103797/episodes/feed,
https://www.spreaker.com/show/6103744/episodes/feed,
https://www.spreaker.com/show/6103711/episodes/feed,
https://www.spreaker.com/show/6103679/episodes/feed,
https://www.spreaker.com/show/6102954/episodes/feed,
https://www.spreaker.com/show/6102896/episodes/feed,
https://www.spreaker.com/show/6102828/episodes/feed,
https://www.spreaker.com/show/6100995/episodes/feed,
https://www.spreaker.com/show/6099076/episodes/feed,
https://www.spreaker.com/show/6098231/episodes/feed,
https://www.spreaker.com/show/6098156/episodes/feed,
https://www.spreaker.com/show/6097123/episodes/feed,
https://www.spreaker.com/show/6097043/episodes/feed,
https://www.spreaker.com/show/6096916/episodes/feed,
https://www.spreaker.com/show/6094912/episodes/feed,
https://www.spreaker.com/show/6094879/episodes/feed,
https://www.spreaker.com/show/6093829/episodes/feed,
https://www.spreaker.com/show/6093822/episodes/feed,
https://www.spreaker.com/show/6093807/episodes/feed,
https://www.spreaker.com/show/6092426/episodes/feed,
https://www.spreaker.com/show/6092390/episodes/feed,
https://www.spreaker.com/show/6092285/episodes/feed,
https://www.spreaker.com/show/6091477/episodes/feed,
https://www.spreaker.com/show/6090774/episodes/feed,
https://www.spreaker.com/show/6090558/episodes/feed,
https://www.spreaker.com/show/6090496/episodes/feed,
https://www.spreaker.com/show/6089569/episodes/feed,
https://www.spreaker.com/show/6088473/episodes/feed,
https://www.spreaker.com/show/6082312/episodes/feed,
https://www.spreaker.com/show/6082086/episodes/feed,
https://www.spreaker.com/show/6080235/episodes/feed,
https://www.spreaker.com/show/6072385/episodes/feed,
https://www.spreaker.com/show/6066104/episodes/feed,
https://www.spreaker.com/show/6065044/episodes/feed,
https://www.spreaker.com/show/6024290/episodes/feed,
https://www.spreaker.com/show/6022965/episodes/feed,
https://www.spreaker.com/show/6022345/episodes/feed,
https://www.spreaker.com/show/6012756/episodes/feed,
https://www.spreaker.com/show/6012274/episodes/feed,
https://www.spreaker.com/show/5975590/episodes/feed,
https://www.spreaker.com/show/5972029/episodes/feed,
https://www.spreaker.com/show/5953751/episodes/feed,
https://www.spreaker.com/show/5925805/episodes/feed,
https://www.spreaker.com/show/5925797/episodes/feed,
https://www.spreaker.com/show/5924794/episodes/feed,
https://www.spreaker.com/show/5924785/episodes/feed,
https://www.spreaker.com/show/5924746/episodes/feed,
https://www.spreaker.com/show/5924225/episodes/feed,
https://www.spreaker.com/show/5911384/episodes/feed,
https://www.spreaker.com/show/5910999/episodes/feed,
https://www.spreaker.com/show/5910895/episodes/feed,
https://www.spreaker.com/show/5908229/episodes/feed,
https://www.spreaker.com/show/5905280/episodes/feed,
https://www.spreaker.com/show/5904689/episodes/feed,
https://www.spreaker.com/show/5904592/episodes/feed,
https://www.spreaker.com/show/5904085/episodes/feed,
https://www.spreaker.com/show/5903744/episodes/feed,
https://www.spreaker.com/show/5902336/episodes/feed,
https://www.spreaker.com/show/5901816/episodes/feed,
https://www.spreaker.com/show/5901798/episodes/feed,
https://www.spreaker.com/show/5900197/episodes/feed,
https://www.spreaker.com/show/5899402/episodes/feed,
https://www.spreaker.com/show/5899245/episodes/feed,
https://www.spreaker.com/show/5899183/episodes/feed,
https://www.spreaker.com/show/5898308/episodes/feed,
https://www.spreaker.com/show/5893948/episodes/feed,
https://www.spreaker.com/show/5892866/episodes/feed,
https://www.spreaker.com/show/5889963/episodes/feed,
https://www.spreaker.com/show/5889012/episodes/feed,
https://www.spreaker.com/show/5888911/episodes/feed,
https://www.spreaker.com/show/5885137/episodes/feed,
https://www.spreaker.com/show/5885110/episodes/feed,
https://www.spreaker.com/show/5885073/episodes/feed,
https://www.spreaker.com/show/5878193/episodes/feed,
https://www.spreaker.com/show/5878158/episodes/feed,
https://www.spreaker.com/show/5877735/episodes/feed,
https://www.spreaker.com/show/5876104/episodes/feed,
https://www.spreaker.com/show/5872772/episodes/feed,
https://www.spreaker.com/show/5871978/episodes/feed,
https://www.spreaker.com/show/5871896/episodes/feed,
https://www.spreaker.com/show/5869035/episodes/feed,
https://www.spreaker.com/show/5868691/episodes/feed,
https://www.spreaker.com/show/5867311/episodes/feed,
https://www.spreaker.com/show/5867120/episodes/feed,
https://www.spreaker.com/show/5864409/episodes/feed,
https://www.spreaker.com/show/5864391/episodes/feed,
https://www.spreaker.com/show/5858586/episodes/feed,
https://www.spreaker.com/show/5858551/episodes/feed,
https://www.spreaker.com/show/5855024/episodes/feed,
https://www.spreaker.com/show/5852597/episodes/feed,
https://www.spreaker.com/show/5852559/episodes/feed,
https://www.spreaker.com/show/5851720/episodes/feed,
https://www.spreaker.com/show/5851638/episodes/feed,
https://www.spreaker.com/show/5844343/episodes/feed,
https://www.spreaker.com/show/5843912/episodes/feed,
https://www.spreaker.com/show/5843280/episodes/feed,
https://www.spreaker.com/show/5843229/episodes/feed,
https://www.spreaker.com/show/5842385/episodes/feed,
https://www.spreaker.com/show/5841855/episodes/feed,
https://www.spreaker.com/show/5841833/episodes/feed,
https://www.spreaker.com/show/5841512/episodes/feed,
https://www.spreaker.com/show/5841491/episodes/feed,
https://www.spreaker.com/show/5840934/episodes/feed,
https://www.spreaker.com/show/5840491/episodes/feed,
https://www.spreaker.com/show/5840464/episodes/feed,
https://www.spreaker.com/show/5838839/episodes/feed,
https://www.spreaker.com/show/5836264/episodes/feed,
https://www.spreaker.com/show/5832678/episodes/feed,
https://www.spreaker.com/show/5832648/episodes/feed,
https://www.spreaker.com/show/5831411/episodes/feed,
https://www.spreaker.com/show/5831263/episodes/feed,
https://www.spreaker.com/show/5830317/episodes/feed,
https://www.spreaker.com/show/5830299/episodes/feed,
https://www.spreaker.com/show/5829664/episodes/feed,
https://www.spreaker.com/show/5827818/episodes/feed,
https://www.spreaker.com/show/5827580/episodes/feed,
https://www.spreaker.com/show/5825374/episodes/feed,
https://www.spreaker.com/show/5825358/episodes/feed,
https://www.spreaker.com/show/5825251/episodes/feed,
https://www.spreaker.com/show/5824352/episodes/feed,
https://www.spreaker.com/show/5824062/episodes/feed,
https://www.spreaker.com/show/5823265/episodes/feed,
https://www.spreaker.com/show/5823100/episodes/feed,
https://www.spreaker.com/show/5822157/episodes/feed,
https://www.spreaker.com/show/5821276/episodes/feed,
https://www.spreaker.com/show/5821239/episodes/feed,
https://www.spreaker.com/show/5821225/episodes/feed,
https://www.spreaker.com/show/5820940/episodes/feed,
https://www.spreaker.com/show/5820918/episodes/feed,
https://www.spreaker.com/show/5820707/episodes/feed,
https://www.spreaker.com/show/5820307/episodes/feed,
https://www.spreaker.com/show/5819266/episodes/feed,
https://www.spreaker.com/show/5819232/episodes/feed,
https://www.spreaker.com/show/5817735/episodes/feed,
https://www.spreaker.com/show/5817705/episodes/feed,
https://www.spreaker.com/show/5817654/episodes/feed,
https://www.spreaker.com/show/5817640/episodes/feed,
https://www.spreaker.com/show/5817551/episodes/feed,
https://www.spreaker.com/show/5817476/episodes/feed,
https://www.spreaker.com/show/5816745/episodes/feed,
https://www.spreaker.com/show/5815807/episodes/feed,
https://www.spreaker.com/show/5814680/episodes/feed,
https://www.spreaker.com/show/5814444/episodes/feed,
https://www.spreaker.com/show/5811687/episodes/feed,
https://www.spreaker.com/show/5811659/episodes/feed,
https://www.spreaker.com/show/5811554/episodes/feed,
https://www.spreaker.com/show/5808925/episodes/feed,
https://www.spreaker.com/show/5808676/episodes/feed,
https://www.spreaker.com/show/5808137/episodes/feed,
https://www.spreaker.com/show/5808121/episodes/feed,
https://www.spreaker.com/show/5807807/episodes/feed,
https://www.spreaker.com/show/5807268/episodes/feed,
https://www.spreaker.com/show/5807261/episodes/feed,
https://www.spreaker.com/show/5806368/episodes/feed,
https://www.spreaker.com/show/5805119/episodes/feed,
https://www.spreaker.com/show/5805036/episodes/feed,
https://www.spreaker.com/show/5804828/episodes/feed,
https://www.spreaker.com/show/5804796/episodes/feed,
https://www.spreaker.com/show/5804770/episodes/feed,
https://www.spreaker.com/show/5804311/episodes/feed,
https://www.spreaker.com/show/5804289/episodes/feed,
https://www.spreaker.com/show/5804269/episodes/feed,
https://www.spreaker.com/show/5804263/episodes/feed,
https://www.spreaker.com/show/5803947/episodes/feed,
https://www.spreaker.com/show/5803900/episodes/feed,
https://www.spreaker.com/show/5803880/episodes/feed,
https://www.spreaker.com/show/5803865/episodes/feed,
https://www.spreaker.com/show/5803003/episodes/feed,
https://www.spreaker.com/show/5802955/episodes/feed,
https://www.spreaker.com/show/5802925/episodes/feed,
https://www.spreaker.com/show/5802892/episodes/feed,
https://www.spreaker.com/show/5802413/episodes/feed,
https://www.spreaker.com/show/5801072/episodes/feed,
https://www.spreaker.com/show/5797566/episodes/feed,
https://www.spreaker.com/show/5797539/episodes/feed,
https://www.spreaker.com/show/5797522/episodes/feed,
https://www.spreaker.com/show/5797498/episodes/feed,
https://www.spreaker.com/show/5797487/episodes/feed,
https://www.spreaker.com/show/5797462/episodes/feed,
https://www.spreaker.com/show/5797129/episodes/feed,
https://www.spreaker.com/show/5796089/episodes/feed,
https://www.spreaker.com/show/5795399/episodes/feed,
https://www.spreaker.com/show/5795343/episodes/feed,
https://www.spreaker.com/show/5794873/episodes/feed,
https://www.spreaker.com/show/5793955/episodes/feed,
https://www.spreaker.com/show/5793196/episodes/feed,
https://www.spreaker.com/show/5793078/episodes/feed,
https://www.spreaker.com/show/5792904/episodes/feed,
https://www.spreaker.com/show/5792240/episodes/feed,
https://www.spreaker.com/show/5792209/episodes/feed,
https://www.spreaker.com/show/5789271/episodes/feed,
https://www.spreaker.com/show/5788043/episodes/feed,
https://www.spreaker.com/show/5787783/episodes/feed,
https://www.spreaker.com/show/5783942/episodes/feed,
https://www.spreaker.com/show/5783933/episodes/feed,
https://www.spreaker.com/show/5783462/episodes/feed,
https://www.spreaker.com/show/5783446/episodes/feed,
https://www.spreaker.com/show/5783242/episodes/feed,
https://www.spreaker.com/show/5782490/episodes/feed,
https://www.spreaker.com/show/5782248/episodes/feed,
https://www.spreaker.com/show/5782231/episodes/feed,
https://www.spreaker.com/show/5782219/episodes/feed,
https://www.spreaker.com/show/5781628/episodes/feed,
https://www.spreaker.com/show/5781543/episodes/feed,
https://www.spreaker.com/show/5781416/episodes/feed,
https://www.spreaker.com/show/5780714/episodes/feed,
https://www.spreaker.com/show/5780689/episodes/feed,
https://www.spreaker.com/show/5780455/episodes/feed,
https://www.spreaker.com/show/5779649/episodes/feed,
https://www.spreaker.com/show/5779582/episodes/feed,
https://www.spreaker.com/show/5779553/episodes/feed,
https://www.spreaker.com/show/5778960/episodes/feed,
https://www.spreaker.com/show/5778712/episodes/feed,
https://www.spreaker.com/show/5777592/episodes/feed,
https://www.spreaker.com/show/5777062/episodes/feed,
https://www.spreaker.com/show/5775695/episodes/feed,
https://www.spreaker.com/show/5775407/episodes/feed,
https://www.spreaker.com/show/5774994/episodes/feed,
https://www.spreaker.com/show/5774537/episodes/feed,
https://www.spreaker.com/show/5774346/episodes/feed,
https://www.spreaker.com/show/5773589/episodes/feed,
https://www.spreaker.com/show/5773446/episodes/feed,
https://www.spreaker.com/show/5772737/episodes/feed,
https://www.spreaker.com/show/5772597/episodes/feed,
https://www.spreaker.com/show/5772505/episodes/feed,
https://www.spreaker.com/show/5772439/episodes/feed,
https://www.spreaker.com/show/5772411/episodes/feed,
https://www.spreaker.com/show/5772004/episodes/feed,
https://www.spreaker.com/show/5771729/episodes/feed,
https://www.spreaker.com/show/5771628/episodes/feed,
https://www.spreaker.com/show/5771043/episodes/feed,
https://www.spreaker.com/show/5770999/episodes/feed,
https://www.spreaker.com/show/5770958/episodes/feed,
https://www.spreaker.com/show/5770937/episodes/feed,
https://www.spreaker.com/show/5770420/episodes/feed,
https://www.spreaker.com/show/5770358/episodes/feed,
https://www.spreaker.com/show/5770323/episodes/feed,
https://www.spreaker.com/show/5769312/episodes/feed,
https://www.spreaker.com/show/5768685/episodes/feed,
https://www.spreaker.com/show/5767855/episodes/feed,
https://www.spreaker.com/show/5767556/episodes/feed,
https://www.spreaker.com/show/5767446/episodes/feed,
https://www.spreaker.com/show/5767388/episodes/feed,
https://www.spreaker.com/show/5766799/episodes/feed,
https://www.spreaker.com/show/5766776/episodes/feed,
https://www.spreaker.com/show/5765684/episodes/feed,
https://www.spreaker.com/show/5764994/episodes/feed,
https://www.spreaker.com/show/5763572/episodes/feed,
https://www.spreaker.com/show/5757085/episodes/feed,
https://www.spreaker.com/show/5757037/episodes/feed,
https://www.spreaker.com/show/5756901/episodes/feed,
https://www.spreaker.com/show/5756396/episodes/feed,
https://www.spreaker.com/show/5753433/episodes/feed,
https://www.spreaker.com/show/5752162/episodes/feed,
https://www.spreaker.com/show/5749971/episodes/feed,
https://www.spreaker.com/show/5749908/episodes/feed,
https://www.spreaker.com/show/5749874/episodes/feed,
https://www.spreaker.com/show/5748951/episodes/feed,
https://www.spreaker.com/show/5748849/episodes/feed,
https://www.spreaker.com/show/5744364/episodes/feed,
https://www.spreaker.com/show/5744353/episodes/feed,
https://www.spreaker.com/show/5744312/episodes/feed,
https://www.spreaker.com/show/5744304/episodes/feed,
https://www.spreaker.com/show/5744296/episodes/feed,
https://www.spreaker.com/show/5742222/episodes/feed,
https://www.spreaker.com/show/5741800/episodes/feed,
https://www.spreaker.com/show/5741781/episodes/feed,
https://www.spreaker.com/show/5741635/episodes/feed,
https://www.spreaker.com/show/5740449/episodes/feed,
https://www.spreaker.com/show/5740411/episodes/feed,
https://www.spreaker.com/show/5740344/episodes/feed,
https://www.spreaker.com/show/5740302/episodes/feed,
https://www.spreaker.com/show/5739527/episodes/feed,
https://www.spreaker.com/show/5736817/episodes/feed,
https://www.spreaker.com/show/5735230/episodes/feed,
https://www.spreaker.com/show/5733775/episodes/feed,
https://www.spreaker.com/show/5731260/episodes/feed,
https://www.spreaker.com/show/5730198/episodes/feed,
https://www.spreaker.com/show/5730012/episodes/feed,
https://www.spreaker.com/show/5725984/episodes/feed,
https://www.spreaker.com/show/5725515/episodes/feed,
https://www.spreaker.com/show/5725226/episodes/feed,
https://www.spreaker.com/show/5723893/episodes/feed,
https://www.spreaker.com/show/5723398/episodes/feed,
https://www.spreaker.com/show/5723242/episodes/feed,
https://www.spreaker.com/show/5721912/episodes/feed,
https://www.spreaker.com/show/5720613/episodes/feed,
https://www.spreaker.com/show/5719525/episodes/feed,
https://www.spreaker.com/show/5719496/episodes/feed,
https://www.spreaker.com/show/5719448/episodes/feed,
https://www.spreaker.com/show/5718708/episodes/feed,
https://www.spreaker.com/show/5717814/episodes/feed,
https://www.spreaker.com/show/5717743/episodes/feed,
https://www.spreaker.com/show/5717646/episodes/feed,
https://www.spreaker.com/show/5717626/episodes/feed,
https://www.spreaker.com/show/5717488/episodes/feed,
https://www.spreaker.com/show/5717139/episodes/feed,
https://www.spreaker.com/show/5716628/episodes/feed,
https://www.spreaker.com/show/5716490/episodes/feed,
https://www.spreaker.com/show/5715477/episodes/feed,
https://www.spreaker.com/show/5715296/episodes/feed,
https://www.spreaker.com/show/5711151/episodes/feed,
https://www.spreaker.com/show/5710511/episodes/feed,
https://www.spreaker.com/show/5710217/episodes/feed,
https://www.spreaker.com/show/5709951/episodes/feed,
https://www.spreaker.com/show/5709438/episodes/feed,
https://www.spreaker.com/show/5709412/episodes/feed,
https://www.spreaker.com/show/5709367/episodes/feed,
https://www.spreaker.com/show/5709322/episodes/feed,
https://www.spreaker.com/show/5707650/episodes/feed,
https://www.spreaker.com/show/5706387/episodes/feed,
https://www.spreaker.com/show/5705778/episodes/feed,
https://www.spreaker.com/show/5705406/episodes/feed,
https://www.spreaker.com/show/5704618/episodes/feed,
https://www.spreaker.com/show/5704551/episodes/feed,
https://www.spreaker.com/show/5704473/episodes/feed,
https://www.spreaker.com/show/5703665/episodes/feed,
https://www.spreaker.com/show/5702874/episodes/feed,
https://www.spreaker.com/show/5701069/episodes/feed,
https://www.spreaker.com/show/5699937/episodes/feed,
https://www.spreaker.com/show/5699823/episodes/feed,
https://www.spreaker.com/show/5697406/episodes/feed,
https://www.spreaker.com/show/5696603/episodes/feed,
https://www.spreaker.com/show/5694752/episodes/feed,
https://www.spreaker.com/show/5694700/episodes/feed,
https://www.spreaker.com/show/5694236/episodes/feed,
https://www.spreaker.com/show/5691948/episodes/feed,
https://www.spreaker.com/show/5691910/episodes/feed,
https://www.spreaker.com/show/5691432/episodes/feed,
https://www.spreaker.com/show/5690964/episodes/feed,
https://www.spreaker.com/show/5690909/episodes/feed,
https://www.spreaker.com/show/5690549/episodes/feed,
https://www.spreaker.com/show/5690508/episodes/feed,
https://www.spreaker.com/show/5690198/episodes/feed,
https://www.spreaker.com/show/5688282/episodes/feed,
https://www.spreaker.com/show/5687504/episodes/feed,
https://www.spreaker.com/show/5685954/episodes/feed,
https://www.spreaker.com/show/5685872/episodes/feed,
https://www.spreaker.com/show/5684539/episodes/feed,
https://www.spreaker.com/show/5684490/episodes/feed,
https://www.spreaker.com/show/5684434/episodes/feed,
https://www.spreaker.com/show/5681617/episodes/feed,
https://www.spreaker.com/show/5680641/episodes/feed,
https://www.spreaker.com/show/5680485/episodes/feed,
https://www.spreaker.com/show/5679149/episodes/feed,
https://www.spreaker.com/show/5678365/episodes/feed,
https://www.spreaker.com/show/5676899/episodes/feed,
https://www.spreaker.com/show/5676812/episodes/feed,
https://www.spreaker.com/show/5676377/episodes/feed,
https://www.spreaker.com/show/5676342/episodes/feed,
https://www.spreaker.com/show/5676050/episodes/feed,
https://www.spreaker.com/show/5675413/episodes/feed,
https://www.spreaker.com/show/5674715/episodes/feed,
https://www.spreaker.com/show/5674256/episodes/feed,
https://www.spreaker.com/show/5668802/episodes/feed,
https://www.spreaker.com/show/5668372/episodes/feed,
https://www.spreaker.com/show/5667375/episodes/feed,
https://www.spreaker.com/show/5666808/episodes/feed,
https://www.spreaker.com/show/5665001/episodes/feed,
https://www.spreaker.com/show/5663206/episodes/feed,
https://www.spreaker.com/show/5662814/episodes/feed,
https://www.spreaker.com/show/5662505/episodes/feed,
https://www.spreaker.com/show/5661962/episodes/feed,
https://www.spreaker.com/show/5661579/episodes/feed,
https://www.spreaker.com/show/5661373/episodes/feed,
https://www.spreaker.com/show/5661225/episodes/feed,
https://www.spreaker.com/show/5657498/episodes/feed,
https://www.spreaker.com/show/5652533/episodes/feed,
https://www.spreaker.com/show/5651625/episodes/feed,
https://www.spreaker.com/show/5651581/episodes/feed,
https://www.spreaker.com/show/5651416/episodes/feed,
https://www.spreaker.com/show/5640545/episodes/feed,
https://www.spreaker.com/show/5640504/episodes/feed,
https://www.spreaker.com/show/5640169/episodes/feed,
https://www.spreaker.com/show/5640020/episodes/feed,
https://www.spreaker.com/show/5639952/episodes/feed,
https://www.spreaker.com/show/5639562/episodes/feed,
https://www.spreaker.com/show/5639255/episodes/feed,
https://www.spreaker.com/show/5638753/episodes/feed,
https://www.spreaker.com/show/5638661/episodes/feed,
https://www.spreaker.com/show/5636284/episodes/feed,
https://www.spreaker.com/show/5636200/episodes/feed,
https://www.spreaker.com/show/5636006/episodes/feed,
https://www.spreaker.com/show/5635172/episodes/feed,
https://www.spreaker.com/show/5634096/episodes/feed,
https://www.spreaker.com/show/5633943/episodes/feed,
https://www.spreaker.com/show/5633922/episodes/feed,
https://www.spreaker.com/show/5633911/episodes/feed,
https://www.spreaker.com/show/5633580/episodes/feed,
https://www.spreaker.com/show/5633555/episodes/feed,
https://www.spreaker.com/show/5633463/episodes/feed,
https://www.spreaker.com/show/5633432/episodes/feed,
https://www.spreaker.com/show/5633411/episodes/feed,
https://www.spreaker.com/show/5630677/episodes/feed,
https://www.spreaker.com/show/5630670/episodes/feed,
https://www.spreaker.com/show/5630553/episodes/feed,
https://www.spreaker.com/show/5630368/episodes/feed,
https://www.spreaker.com/show/5629125/episodes/feed,
https://www.spreaker.com/show/5628890/episodes/feed,
https://www.spreaker.com/show/5628772/episodes/feed,
https://www.spreaker.com/show/5627811/episodes/feed,
https://www.spreaker.com/show/5626971/episodes/feed,
https://www.spreaker.com/show/5626970/episodes/feed,
https://www.spreaker.com/show/5626268/episodes/feed,
https://www.spreaker.com/show/5625997/episodes/feed,
https://www.spreaker.com/show/5624310/episodes/feed,
https://www.spreaker.com/show/5623833/episodes/feed,
https://www.spreaker.com/show/5623817/episodes/feed,
https://www.spreaker.com/show/5623702/episodes/feed,
https://www.spreaker.com/show/5623392/episodes/feed,
https://www.spreaker.com/show/5620996/episodes/feed,
https://www.spreaker.com/show/5620507/episodes/feed,
https://www.spreaker.com/show/5615750/episodes/feed,
https://www.spreaker.com/show/5614640/episodes/feed,
https://www.spreaker.com/show/5612768/episodes/feed,
https://www.spreaker.com/show/5611350/episodes/feed,
https://www.spreaker.com/show/5609839/episodes/feed,
https://www.spreaker.com/show/5608399/episodes/feed,
https://www.spreaker.com/show/5607645/episodes/feed,
https://www.spreaker.com/show/5607440/episodes/feed,
https://www.spreaker.com/show/5606717/episodes/feed,
https://www.spreaker.com/show/5605935/episodes/feed,
https://www.spreaker.com/show/5604105/episodes/feed,
https://www.spreaker.com/show/5601939/episodes/feed,
https://www.spreaker.com/show/5597896/episodes/feed,
https://www.spreaker.com/show/5563258/episodes/feed,
https://www.spreaker.com/show/5563069/episodes/feed,
https://www.spreaker.com/show/5559720/episodes/feed,
https://www.spreaker.com/show/5558328/episodes/feed,
https://www.spreaker.com/show/5555400/episodes/feed,
https://www.spreaker.com/show/5547677/episodes/feed,
https://www.spreaker.com/show/5546803/episodes/feed,
https://www.spreaker.com/show/5546331/episodes/feed,
https://www.spreaker.com/show/5537597/episodes/feed,
https://www.spreaker.com/show/5536158/episodes/feed,
https://www.spreaker.com/show/5535916/episodes/feed,
https://www.spreaker.com/show/5535357/episodes/feed,
https://www.spreaker.com/show/5534968/episodes/feed,
https://www.spreaker.com/show/5534880/episodes/feed,
https://www.spreaker.com/show/5533863/episodes/feed,
https://www.spreaker.com/show/5533565/episodes/feed,
https://www.spreaker.com/show/5529225/episodes/feed,
https://www.spreaker.com/show/5529157/episodes/feed,
https://www.spreaker.com/show/5525612/episodes/feed,
https://www.spreaker.com/show/5525127/episodes/feed,
https://www.spreaker.com/show/5524975/episodes/feed,
https://www.spreaker.com/show/5524769/episodes/feed,
https://www.spreaker.com/show/5522905/episodes/feed,
https://www.spreaker.com/show/5521075/episodes/feed,
https://www.spreaker.com/show/5520647/episodes/feed,
https://www.spreaker.com/show/5520492/episodes/feed,
https://www.spreaker.com/show/5519723/episodes/feed,
https://www.spreaker.com/show/5517534/episodes/feed,
https://www.spreaker.com/show/5517317/episodes/feed,
https://www.spreaker.com/show/5509443/episodes/feed,
https://www.spreaker.com/show/5509408/episodes/feed,
https://www.spreaker.com/show/5509349/episodes/feed,
https://www.spreaker.com/show/5509305/episodes/feed,
https://www.spreaker.com/show/5502404/episodes/feed,
https://www.spreaker.com/show/5502363/episodes/feed,
https://www.spreaker.com/show/5501459/episodes/feed,
https://www.spreaker.com/show/5501334/episodes/feed,
https://www.spreaker.com/show/5501141/episodes/feed,
https://www.spreaker.com/show/5500860/episodes/feed,
https://www.spreaker.com/show/5500830/episodes/feed,
https://www.spreaker.com/show/5500018/episodes/feed,
https://www.spreaker.com/show/5499406/episodes/feed,
https://www.spreaker.com/show/5499352/episodes/feed,
https://www.spreaker.com/show/5498592/episodes/feed,
https://www.spreaker.com/show/5498159/episodes/feed,
https://www.spreaker.com/show/5498093/episodes/feed,
https://www.spreaker.com/show/5495285/episodes/feed,
https://www.spreaker.com/show/5492671/episodes/feed,
https://www.spreaker.com/show/5490614/episodes/feed,
https://www.spreaker.com/show/5485316/episodes/feed,
https://www.spreaker.com/show/5485127/episodes/feed,
https://www.spreaker.com/show/5485047/episodes/feed,
https://www.spreaker.com/show/5484226/episodes/feed,
https://www.spreaker.com/show/5484209/episodes/feed,
https://www.spreaker.com/show/5484139/episodes/feed,
https://www.spreaker.com/show/5484021/episodes/feed,
https://www.spreaker.com/show/5483857/episodes/feed,
https://www.spreaker.com/show/5483760/episodes/feed,
https://www.spreaker.com/show/5483080/episodes/feed,
https://www.spreaker.com/show/5482950/episodes/feed,
https://www.spreaker.com/show/5482840/episodes/feed,
https://www.spreaker.com/show/5482738/episodes/feed,
https://www.spreaker.com/show/5482590/episodes/feed,
https://www.spreaker.com/show/5482235/episodes/feed,
https://www.spreaker.com/show/5478571/episodes/feed,
https://www.spreaker.com/show/5477116/episodes/feed,
https://www.spreaker.com/show/5476183/episodes/feed,
https://www.spreaker.com/show/5474568/episodes/feed,
https://www.spreaker.com/show/5473835/episodes/feed,
https://www.spreaker.com/show/5473406/episodes/feed,
https://www.spreaker.com/show/5471597/episodes/feed,
https://www.spreaker.com/show/5463295/episodes/feed,
https://www.spreaker.com/show/5460519/episodes/feed,
https://www.spreaker.com/show/5459590/episodes/feed,
https://www.spreaker.com/show/5458080/episodes/feed,
https://www.spreaker.com/show/5457357/episodes/feed,
https://www.spreaker.com/show/5455569/episodes/feed,
https://www.spreaker.com/show/5450408/episodes/feed,
https://www.spreaker.com/show/5450319/episodes/feed,
https://www.spreaker.com/show/5446799/episodes/feed,
https://www.spreaker.com/show/5445146/episodes/feed,
https://www.spreaker.com/show/5443429/episodes/feed,
https://www.spreaker.com/show/5442596/episodes/feed,
https://www.spreaker.com/show/5440613/episodes/feed,
https://www.spreaker.com/show/5438981/episodes/feed,
https://www.spreaker.com/show/5438959/episodes/feed,
https://www.spreaker.com/show/5426523/episodes/feed,
https://www.spreaker.com/show/5426284/episodes/feed,
https://www.spreaker.com/show/5426254/episodes/feed,
https://www.spreaker.com/show/5426151/episodes/feed,
https://www.spreaker.com/show/5424472/episodes/feed,
https://www.spreaker.com/show/5424461/episodes/feed,
https://www.spreaker.com/show/5424421/episodes/feed,
https://www.spreaker.com/show/5424357/episodes/feed,
https://www.spreaker.com/show/5422990/episodes/feed,
https://www.spreaker.com/show/5422984/episodes/feed,
https://www.spreaker.com/show/5422978/episodes/feed,
https://www.spreaker.com/show/5422960/episodes/feed,
https://www.spreaker.com/show/5422956/episodes/feed,
https://www.spreaker.com/show/5408382/episodes/feed,
https://www.spreaker.com/show/5406701/episodes/feed,
https://www.spreaker.com/show/5406700/episodes/feed,
https://www.spreaker.com/show/5406699/episodes/feed,
https://www.spreaker.com/show/5406698/episodes/feed,
https://www.spreaker.com/show/5406695/episodes/feed,
https://www.spreaker.com/show/5401457/episodes/feed,
https://www.spreaker.com/show/5401204/episodes/feed,
https://www.spreaker.com/show/5401196/episodes/feed,
https://www.spreaker.com/show/5401164/episodes/feed,
https://www.spreaker.com/show/5401154/episodes/feed,
https://www.spreaker.com/show/5381300/episodes/feed,
https://www.spreaker.com/show/5381299/episodes/feed,
https://www.spreaker.com/show/5381297/episodes/feed,
https://www.spreaker.com/show/5381291/episodes/feed,
https://www.spreaker.com/show/5381283/episodes/feed,
https://www.spreaker.com/show/5319857/episodes/feed,
https://www.spreaker.com/show/5319856/episodes/feed,
https://www.spreaker.com/show/5319852/episodes/feed,
https://www.spreaker.com/show/5319833/episodes/feed,
https://www.spreaker.com/show/5319819/episodes/feed,
https://www.spreaker.com/show/5319813/episodes/feed,
https://www.spreaker.com/show/5306339/episodes/feed,
https://www.spreaker.com/show/5306337/episodes/feed,
https://www.spreaker.com/show/5306298/episodes/feed,
https://www.spreaker.com/show/5293479/episodes/feed,
https://www.spreaker.com/show/5293457/episodes/feed,
https://www.spreaker.com/show/5271301/episodes/feed,
https://www.spreaker.com/show/5271292/episodes/feed,
https://www.spreaker.com/show/5269365/episodes/feed,
https://www.spreaker.com/show/5269184/episodes/feed,
https://www.spreaker.com/show/5267459/episodes/feed,
https://www.spreaker.com/show/5267453/episodes/feed,
https://www.spreaker.com/show/5264849/episodes/feed,
https://www.spreaker.com/show/5264409/episodes/feed,
https://www.spreaker.com/show/5264139/episodes/feed,
https://www.spreaker.com/show/5264034/episodes/feed,
https://www.spreaker.com/show/5264030/episodes/feed,
https://www.spreaker.com/show/5264026/episodes/feed,
https://www.spreaker.com/show/5264022/episodes/feed,
https://www.spreaker.com/show/5259797/episodes/feed,
https://www.spreaker.com/show/5252942/episodes/feed,
https://www.spreaker.com/show/5219792/episodes/feed,
https://www.spreaker.com/show/5219788/episodes/feed,
https://www.spreaker.com/show/5202498/episodes/feed,
https://www.spreaker.com/show/5197394/episodes/feed,
https://www.spreaker.com/show/5182863/episodes/feed,
https://www.spreaker.com/show/5182856/episodes/feed,
https://www.spreaker.com/show/5182852/episodes/feed,
https://www.spreaker.com/show/5182827/episodes/feed,
https://www.spreaker.com/show/5176216/episodes/feed,
https://www.spreaker.com/show/5176213/episodes/feed,
https://www.spreaker.com/show/5176182/episodes/feed,
https://www.spreaker.com/show/5176103/episodes/feed,
https://www.spreaker.com/show/5166960/episodes/feed,
https://www.spreaker.com/show/5166956/episodes/feed,
https://www.spreaker.com/show/5166950/episodes/feed,
https://www.spreaker.com/show/5166947/episodes/feed,
https://www.spreaker.com/show/5166941/episodes/feed,
https://www.spreaker.com/show/5166935/episodes/feed,
https://www.spreaker.com/show/5163853/episodes/feed,
https://www.spreaker.com/show/5163849/episodes/feed,
https://www.spreaker.com/show/5163844/episodes/feed,
https://www.spreaker.com/show/5163842/episodes/feed,
https://www.spreaker.com/show/5155655/episodes/feed,
https://www.spreaker.com/show/5155654/episodes/feed,
https://www.spreaker.com/show/5155648/episodes/feed,
https://www.spreaker.com/show/5146628/episodes/feed,
https://www.spreaker.com/show/5142018/episodes/feed,
https://www.spreaker.com/show/5140598/episodes/feed,
https://www.spreaker.com/show/5140594/episodes/feed,
https://www.spreaker.com/show/5140591/episodes/feed,
https://www.spreaker.com/show/5140235/episodes/feed,
https://www.spreaker.com/show/5139841/episodes/feed,
https://www.spreaker.com/show/5139836/episodes/feed,
https://www.spreaker.com/show/5135532/episodes/feed,
https://www.spreaker.com/show/5123704/episodes/feed,
https://www.spreaker.com/show/5123597/episodes/feed,
https://www.spreaker.com/show/5122467/episodes/feed,
https://www.spreaker.com/show/5114976/episodes/feed,
https://www.spreaker.com/show/5113175/episodes/feed,
https://www.spreaker.com/show/5112562/episodes/feed,
https://www.spreaker.com/show/5112561/episodes/feed,
https://www.spreaker.com/show/5110816/episodes/feed,
https://www.spreaker.com/show/5110809/episodes/feed,
https://www.spreaker.com/show/5110802/episodes/feed,
https://www.spreaker.com/show/5110797/episodes/feed,
https://www.spreaker.com/show/5093111/episodes/feed,
https://www.spreaker.com/show/5091088/episodes/feed,
https://www.spreaker.com/show/5091088/episodes/feed,
https://www.spreaker.com/show/5086189/episodes/feed,
https://www.spreaker.com/show/5082870/episodes/feed,
https://www.spreaker.com/show/5075451/episodes/feed,
https://www.spreaker.com/show/5072722/episodes/feed,
https://www.spreaker.com/show/5072666/episodes/feed,
https://www.spreaker.com/show/5067179/episodes/feed,
https://www.spreaker.com/show/5067070/episodes/feed,
https://www.spreaker.com/show/5066137/episodes/feed,
https://www.spreaker.com/show/5065200/episodes/feed,
https://www.spreaker.com/show/5045397/episodes/feed,
https://www.spreaker.com/show/5045258/episodes/feed,
https://www.spreaker.com/show/5043713/episodes/feed,
https://www.spreaker.com/show/5043705/episodes/feed,
https://www.spreaker.com/show/5039429/episodes/feed,
https://www.spreaker.com/show/5036604/episodes/feed,
https://www.spreaker.com/show/5034494/episodes/feed,
https://www.spreaker.com/show/5033205/episodes/feed,
https://www.spreaker.com/show/5027732/episodes/feed,
https://www.spreaker.com/show/5025276/episodes/feed,
https://www.spreaker.com/show/5019077/episodes/feed,
https://www.spreaker.com/show/5008457/episodes/feed,